Name,Price,Rating
N/A,₹650.00,N/A
Price and other details may vary based on product size and colour.,N/A,N/A
Leather Wallet for Men,₹490,4.1 out of 5 stars
Leather Wallet for Men,₹479,3.9 out of 5 stars
Men;s Artificial Leather Wallet(Tan),₹249,4.3 out of 5 stars
Metal Unisex RFID Blocking Wallet(Black),₹399,4.3 out of 5 stars
Metal Unisex RFID Blocking Wallet(Black),₹399,4.3 out of 5 stars
Cuba Brown Leather Wallet for Men | RFID Blocking Mens Wallet | Wallets Men Leather,₹499,4.1 out of 5 stars
"Unisex Brandy Leather Wallet (RBXCH3OG, Multicolour)",₹479,4.1 out of 5 stars
Navy Men's Wallet Stylish Genuine Leather Wallets for Men Latest Gents Purse with Money Coin and Card Holder Compartment (AC298072),"₹1,399",4.2 out of 5 stars
Unisex Genuine Leather Wallet with Zipper | RFID Blocking Card Holder Zipper Wallet (POP51-Black),₹299,4.1 out of 5 stars
Tan Men's Wallet (OLN-034),₹580,4.2 out of 5 stars
N/A,N/A,N/A
Men's Green Bi-fold Leather wallet,₹345.79,3.5 out of 5 stars
Leather Wallet for Men,₹480,3.8 out of 5 stars
Black Leather Men's Wallet (WH1255),₹479,4.1 out of 5 stars
Men's Artificial Leather Wallet with Multi Card Slots(Tan),₹249,3.0 out of 5 stars
Black Men's Wallet (RCW1017),₹710,3.9 out of 5 stars
Tan Leather Men's Wallet (WH272 Green),₹479,4.1 out of 5 stars
Minimalist Smart Design Slim Bifold Front Pocket Men's Wallet with Money Clip and Effective RFID Blocking (Multicolour),"₹3,806.32",4.5 out of 5 stars
Black Leather Men's Wallet (NPH) (Blue HU),₹480,4.0 out of 5 stars
Leather Men wallet (grey),₹947,4.1 out of 5 stars
Leather Wallet for Men - Redwood Brown - RFID Protected - 6 Card Slots and 3 ID Slots - Gift for Him,₹498,4.1 out of 5 stars
Tan Leather Men's Wallet (TW177LM1TN),"₹1,749",4.2 out of 5 stars
Leather Wallet for Men,₹604,4.2 out of 5 stars
Leather Wallet for Men,₹480,4.1 out of 5 stars
Burgundy Leather Men's Wallet (TW102LM2BY),"₹1,695",4.1 out of 5 stars
Brown Leather Men's Wallet (C0408LBR01),₹822,4.3 out of 5 stars
Leather Wallet for Mens,₹479,3.4 out of 5 stars
Denial Brown Leather Wallet for Men | Wallets Men with RFID Blocking | Mens Wallet,₹499,4.2 out of 5 stars
Leather Wallet for Men,₹490,4.2 out of 5 stars
Vegas Brown RFID Blocking Leather Wallet for Men | Wallets Men Leather | Mens Wallet,₹599,4.1 out of 5 stars
Brown Leather Men's Wallet (TW135LM1TN),"₹1,225",4.4 out of 5 stars
Black Leather Wallet for Men,₹404,4.2 out of 5 stars
Brown Leather Men's Wallet (TW162LM1BR),"₹1,085",4.2 out of 5 stars
Leather Wallet for Men,₹480,5.0 out of 5 stars
NFL Mens Leather Tri-fold Wallet,"₹6,245",4.6 out of 5 stars
Elk Vintage Brown Men's Leather Wallet.,₹499,4.1 out of 5 stars
N/A,N/A,N/A
N/A,N/A,N/A
N/A,N/A,N/A
